ApiController.java,edu.ucsb.cs156.example.controllers.ApiController,org.pitest.mutationtest.engine.gregor.mutators.returns.NullReturnValsMutator,genericMessage,25,KILLED,edu.ucsb.cs156.example.controllers.UCSBDatesControllerTests.[engine:junit-jupiter]/[class:edu.ucsb.cs156.example.controllers.UCSBDatesControllerTests]/[method:admin_can_delete_a_date()]
ApiController.java,edu.ucsb.cs156.example.controllers.ApiController,org.pitest.mutationtest.engine.gregor.mutators.returns.NullReturnValsMutator,getCurrentUser,21,KILLED,edu.ucsb.cs156.example.controllers.UserInfoControllerTests.[engine:junit-jupiter]/[class:edu.ucsb.cs156.example.controllers.UserInfoControllerTests]/[method:currentUser__logged_in()]
ApiController.java,edu.ucsb.cs156.example.controllers.ApiController,org.pitest.mutationtest.engine.gregor.mutators.returns.NullReturnValsMutator,handleGenericException,31,KILLED,edu.ucsb.cs156.example.controllers.UCSBDiningCommonsControllerTests.[engine:junit-jupiter]/[class:edu.ucsb.cs156.example.controllers.UCSBDiningCommonsControllerTests]/[method:test_that_logged_in_user_can_get_by_id_when_the_id_does_not_exist()]
CSRFController.java,edu.ucsb.cs156.example.controllers.CSRFController,org.pitest.mutationtest.engine.gregor.mutators.returns.NullReturnValsMutator,csrf,19,KILLED,edu.ucsb.cs156.example.controllers.CSRFControllerTests.[engine:junit-jupiter]/[class:edu.ucsb.cs156.example.controllers.CSRFControllerTests]/[method:csrf_returns_ok()]
MenuItemReviewController.java,edu.ucsb.cs156.example.controllers.MenuItemReviewController,org.pitest.mutationtest.engine.gregor.mutators.returns.NullReturnValsMutator,allMenuItemReviews,47,KILLED,edu.ucsb.cs156.example.controllers.MenuItemReviewControllerTests.[engine:junit-jupiter]/[class:edu.ucsb.cs156.example.controllers.MenuItemReviewControllerTests]/[method:logged_in_user_can_get_all_menuitemreview()]
MenuItemReviewController.java,edu.ucsb.cs156.example.controllers.MenuItemReviewController,org.pitest.mutationtest.engine.gregor.mutators.VoidMethodCallMutator,deleteMenuItemReview,119,KILLED,edu.ucsb.cs156.example.controllers.MenuItemReviewControllerTests.[engine:junit-jupiter]/[class:edu.ucsb.cs156.example.controllers.MenuItemReviewControllerTests]/[method:admin_can_delete_a_menuitemreview()]
MenuItemReviewController.java,edu.ucsb.cs156.example.controllers.MenuItemReviewController,org.pitest.mutationtest.engine.gregor.mutators.returns.NullReturnValsMutator,deleteMenuItemReview,120,KILLED,edu.ucsb.cs156.example.controllers.MenuItemReviewControllerTests.[engine:junit-jupiter]/[class:edu.ucsb.cs156.example.controllers.MenuItemReviewControllerTests]/[method:admin_can_delete_a_menuitemreview()]
MenuItemReviewController.java,edu.ucsb.cs156.example.controllers.MenuItemReviewController,org.pitest.mutationtest.engine.gregor.mutators.returns.NullReturnValsMutator,getById,87,KILLED,edu.ucsb.cs156.example.controllers.MenuItemReviewControllerTests.[engine:junit-jupiter]/[class:edu.ucsb.cs156.example.controllers.MenuItemReviewControllerTests]/[method:test_that_logged_in_user_can_get_by_id_when_the_id_exists()]
MenuItemReviewController.java,edu.ucsb.cs156.example.controllers.MenuItemReviewController,org.pitest.mutationtest.engine.gregor.mutators.returns.NullReturnValsMutator,lambda$deleteMenuItemReview$2,117,KILLED,edu.ucsb.cs156.example.controllers.MenuItemReviewControllerTests.[engine:junit-jupiter]/[class:edu.ucsb.cs156.example.controllers.MenuItemReviewControllerTests]/[method:admin_tries_to_delete_non_existant_menuitemreview_and_gets_right_error_message()]
MenuItemReviewController.java,edu.ucsb.cs156.example.controllers.MenuItemReviewController,org.pitest.mutationtest.engine.gregor.mutators.returns.NullReturnValsMutator,lambda$getById$0,85,KILLED,edu.ucsb.cs156.example.controllers.MenuItemReviewControllerTests.[engine:junit-jupiter]/[class:edu.ucsb.cs156.example.controllers.MenuItemReviewControllerTests]/[method:test_that_logged_in_user_can_get_by_id_when_the_id_does_not_exist()]
MenuItemReviewController.java,edu.ucsb.cs156.example.controllers.MenuItemReviewController,org.pitest.mutationtest.engine.gregor.mutators.returns.NullReturnValsMutator,lambda$updateMenuItemReview$1,98,KILLED,edu.ucsb.cs156.example.controllers.MenuItemReviewControllerTests.[engine:junit-jupiter]/[class:edu.ucsb.cs156.example.controllers.MenuItemReviewControllerTests]/[method:admin_cannot_edit_menuitemreview_that_does_not_exist()]
MenuItemReviewController.java,edu.ucsb.cs156.example.controllers.MenuItemReviewController,org.pitest.mutationtest.engine.gregor.mutators.VoidMethodCallMutator,postMenuItemReview,68,KILLED,edu.ucsb.cs156.example.controllers.MenuItemReviewControllerTests.[engine:junit-jupiter]/[class:edu.ucsb.cs156.example.controllers.MenuItemReviewControllerTests]/[method:an_admin_user_can_post_a_new_menuitemreview()]
MenuItemReviewController.java,edu.ucsb.cs156.example.controllers.MenuItemReviewController,org.pitest.mutationtest.engine.gregor.mutators.VoidMethodCallMutator,postMenuItemReview,69,KILLED,edu.ucsb.cs156.example.controllers.MenuItemReviewControllerTests.[engine:junit-jupiter]/[class:edu.ucsb.cs156.example.controllers.MenuItemReviewControllerTests]/[method:an_admin_user_can_post_a_new_menuitemreview()]
MenuItemReviewController.java,edu.ucsb.cs156.example.controllers.MenuItemReviewController,org.pitest.mutationtest.engine.gregor.mutators.VoidMethodCallMutator,postMenuItemReview,70,KILLED,edu.ucsb.cs156.example.controllers.MenuItemReviewControllerTests.[engine:junit-jupiter]/[class:edu.ucsb.cs156.example.controllers.MenuItemReviewControllerTests]/[method:an_admin_user_can_post_a_new_menuitemreview()]
MenuItemReviewController.java,edu.ucsb.cs156.example.controllers.MenuItemReviewController,org.pitest.mutationtest.engine.gregor.mutators.VoidMethodCallMutator,postMenuItemReview,71,KILLED,edu.ucsb.cs156.example.controllers.MenuItemReviewControllerTests.[engine:junit-jupiter]/[class:edu.ucsb.cs156.example.controllers.MenuItemReviewControllerTests]/[method:an_admin_user_can_post_a_new_menuitemreview()]
MenuItemReviewController.java,edu.ucsb.cs156.example.controllers.MenuItemReviewController,org.pitest.mutationtest.engine.gregor.mutators.VoidMethodCallMutator,postMenuItemReview,72,KILLED,edu.ucsb.cs156.example.controllers.MenuItemReviewControllerTests.[engine:junit-jupiter]/[class:edu.ucsb.cs156.example.controllers.MenuItemReviewControllerTests]/[method:an_admin_user_can_post_a_new_menuitemreview()]
MenuItemReviewController.java,edu.ucsb.cs156.example.controllers.MenuItemReviewController,org.pitest.mutationtest.engine.gregor.mutators.returns.NullReturnValsMutator,postMenuItemReview,76,KILLED,edu.ucsb.cs156.example.controllers.MenuItemReviewControllerTests.[engine:junit-jupiter]/[class:edu.ucsb.cs156.example.controllers.MenuItemReviewControllerTests]/[method:an_admin_user_can_post_a_new_menuitemreview()]
MenuItemReviewController.java,edu.ucsb.cs156.example.controllers.MenuItemReviewController,org.pitest.mutationtest.engine.gregor.mutators.VoidMethodCallMutator,updateMenuItemReview,100,KILLED,edu.ucsb.cs156.example.controllers.MenuItemReviewControllerTests.[engine:junit-jupiter]/[class:edu.ucsb.cs156.example.controllers.MenuItemReviewControllerTests]/[method:admin_can_edit_an_existing_menuitemreview()]
MenuItemReviewController.java,edu.ucsb.cs156.example.controllers.MenuItemReviewController,org.pitest.mutationtest.engine.gregor.mutators.VoidMethodCallMutator,updateMenuItemReview,101,KILLED,edu.ucsb.cs156.example.controllers.MenuItemReviewControllerTests.[engine:junit-jupiter]/[class:edu.ucsb.cs156.example.controllers.MenuItemReviewControllerTests]/[method:admin_can_edit_an_existing_menuitemreview()]
MenuItemReviewController.java,edu.ucsb.cs156.example.controllers.MenuItemReviewController,org.pitest.mutationtest.engine.gregor.mutators.VoidMethodCallMutator,updateMenuItemReview,102,KILLED,edu.ucsb.cs156.example.controllers.MenuItemReviewControllerTests.[engine:junit-jupiter]/[class:edu.ucsb.cs156.example.controllers.MenuItemReviewControllerTests]/[method:admin_can_edit_an_existing_menuitemreview()]
MenuItemReviewController.java,edu.ucsb.cs156.example.controllers.MenuItemReviewController,org.pitest.mutationtest.engine.gregor.mutators.VoidMethodCallMutator,updateMenuItemReview,103,KILLED,edu.ucsb.cs156.example.controllers.MenuItemReviewControllerTests.[engine:junit-jupiter]/[class:edu.ucsb.cs156.example.controllers.MenuItemReviewControllerTests]/[method:admin_can_edit_an_existing_menuitemreview()]
MenuItemReviewController.java,edu.ucsb.cs156.example.controllers.MenuItemReviewController,org.pitest.mutationtest.engine.gregor.mutators.VoidMethodCallMutator,updateMenuItemReview,104,KILLED,edu.ucsb.cs156.example.controllers.MenuItemReviewControllerTests.[engine:junit-jupiter]/[class:edu.ucsb.cs156.example.controllers.MenuItemReviewControllerTests]/[method:admin_can_edit_an_existing_menuitemreview()]
MenuItemReviewController.java,edu.ucsb.cs156.example.controllers.MenuItemReviewController,org.pitest.mutationtest.engine.gregor.mutators.returns.NullReturnValsMutator,updateMenuItemReview,108,KILLED,edu.ucsb.cs156.example.controllers.MenuItemReviewControllerTests.[engine:junit-jupiter]/[class:edu.ucsb.cs156.example.controllers.MenuItemReviewControllerTests]/[method:admin_can_edit_an_existing_menuitemreview()]
RestaurantsController.java,edu.ucsb.cs156.example.controllers.RestaurantsController,org.pitest.mutationtest.engine.gregor.mutators.returns.NullReturnValsMutator,allRestaurants,37,KILLED,edu.ucsb.cs156.example.controllers.RestaurantsControllerTests.[engine:junit-jupiter]/[class:edu.ucsb.cs156.example.controllers.RestaurantsControllerTests]/[method:logged_in_user_can_get_all_restaurants()]
RestaurantsController.java,edu.ucsb.cs156.example.controllers.RestaurantsController,org.pitest.mutationtest.engine.gregor.mutators.VoidMethodCallMutator,deleteRestaurant,74,KILLED,edu.ucsb.cs156.example.controllers.RestaurantsControllerTests.[engine:junit-jupiter]/[class:edu.ucsb.cs156.example.controllers.RestaurantsControllerTests]/[method:admin_can_delete_a_restaurant()]
RestaurantsController.java,edu.ucsb.cs156.example.controllers.RestaurantsController,org.pitest.mutationtest.engine.gregor.mutators.returns.NullReturnValsMutator,deleteRestaurant,75,KILLED,edu.ucsb.cs156.example.controllers.RestaurantsControllerTests.[engine:junit-jupiter]/[class:edu.ucsb.cs156.example.controllers.RestaurantsControllerTests]/[method:admin_can_delete_a_restaurant()]
RestaurantsController.java,edu.ucsb.cs156.example.controllers.RestaurantsController,org.pitest.mutationtest.engine.gregor.mutators.returns.NullReturnValsMutator,getById,48,KILLED,edu.ucsb.cs156.example.controllers.RestaurantsControllerTests.[engine:junit-jupiter]/[class:edu.ucsb.cs156.example.controllers.RestaurantsControllerTests]/[method:test_that_logged_in_user_can_get_by_id_when_the_id_exists()]
RestaurantsController.java,edu.ucsb.cs156.example.controllers.RestaurantsController,org.pitest.mutationtest.engine.gregor.mutators.returns.NullReturnValsMutator,lambda$deleteRestaurant$1,72,KILLED,edu.ucsb.cs156.example.controllers.RestaurantsControllerTests.[engine:junit-jupiter]/[class:edu.ucsb.cs156.example.controllers.RestaurantsControllerTests]/[method:admin_tries_to_delete_non_existant_restaurant_and_gets_right_error_message()]
RestaurantsController.java,edu.ucsb.cs156.example.controllers.RestaurantsController,org.pitest.mutationtest.engine.gregor.mutators.returns.NullReturnValsMutator,lambda$getById$0,46,KILLED,edu.ucsb.cs156.example.controllers.RestaurantsControllerTests.[engine:junit-jupiter]/[class:edu.ucsb.cs156.example.controllers.RestaurantsControllerTests]/[method:test_that_logged_in_user_can_get_by_id_when_the_id_does_not_exist()]
RestaurantsController.java,edu.ucsb.cs156.example.controllers.RestaurantsController,org.pitest.mutationtest.engine.gregor.mutators.returns.NullReturnValsMutator,lambda$updateRestaurant$2,86,KILLED,edu.ucsb.cs156.example.controllers.RestaurantsControllerTests.[engine:junit-jupiter]/[class:edu.ucsb.cs156.example.controllers.RestaurantsControllerTests]/[method:admin_cannot_edit_restaurant_that_does_not_exist()]
RestaurantsController.java,edu.ucsb.cs156.example.controllers.RestaurantsController,org.pitest.mutationtest.engine.gregor.mutators.VoidMethodCallMutator,postRestaurant,59,KILLED,edu.ucsb.cs156.example.controllers.RestaurantsControllerTests.[engine:junit-jupiter]/[class:edu.ucsb.cs156.example.controllers.RestaurantsControllerTests]/[method:an_admin_user_can_post_a_new_restaurant()]
RestaurantsController.java,edu.ucsb.cs156.example.controllers.RestaurantsController,org.pitest.mutationtest.engine.gregor.mutators.VoidMethodCallMutator,postRestaurant,60,KILLED,edu.ucsb.cs156.example.controllers.RestaurantsControllerTests.[engine:junit-jupiter]/[class:edu.ucsb.cs156.example.controllers.RestaurantsControllerTests]/[method:an_admin_user_can_post_a_new_restaurant()]
RestaurantsController.java,edu.ucsb.cs156.example.controllers.RestaurantsController,org.pitest.mutationtest.engine.gregor.mutators.returns.NullReturnValsMutator,postRestaurant,63,KILLED,edu.ucsb.cs156.example.controllers.RestaurantsControllerTests.[engine:junit-jupiter]/[class:edu.ucsb.cs156.example.controllers.RestaurantsControllerTests]/[method:an_admin_user_can_post_a_new_restaurant()]
RestaurantsController.java,edu.ucsb.cs156.example.controllers.RestaurantsController,org.pitest.mutationtest.engine.gregor.mutators.VoidMethodCallMutator,updateRestaurant,88,KILLED,edu.ucsb.cs156.example.controllers.RestaurantsControllerTests.[engine:junit-jupiter]/[class:edu.ucsb.cs156.example.controllers.RestaurantsControllerTests]/[method:admin_can_edit_an_existing_restaurant()]
RestaurantsController.java,edu.ucsb.cs156.example.controllers.RestaurantsController,org.pitest.mutationtest.engine.gregor.mutators.VoidMethodCallMutator,updateRestaurant,89,KILLED,edu.ucsb.cs156.example.controllers.RestaurantsControllerTests.[engine:junit-jupiter]/[class:edu.ucsb.cs156.example.controllers.RestaurantsControllerTests]/[method:admin_can_edit_an_existing_restaurant()]
RestaurantsController.java,edu.ucsb.cs156.example.controllers.RestaurantsController,org.pitest.mutationtest.engine.gregor.mutators.returns.NullReturnValsMutator,updateRestaurant,93,KILLED,edu.ucsb.cs156.example.controllers.RestaurantsControllerTests.[engine:junit-jupiter]/[class:edu.ucsb.cs156.example.controllers.RestaurantsControllerTests]/[method:admin_can_edit_an_existing_restaurant()]
SystemInfoController.java,edu.ucsb.cs156.example.controllers.SystemInfoController,org.pitest.mutationtest.engine.gregor.mutators.returns.NullReturnValsMutator,getSystemInfo,25,KILLED,edu.ucsb.cs156.example.controllers.SystemInfoControllerTests.[engine:junit-jupiter]/[class:edu.ucsb.cs156.example.controllers.SystemInfoControllerTests]/[method:systemInfo__admin_logged_in()]
UCSBDatesController.java,edu.ucsb.cs156.example.controllers.UCSBDatesController,org.pitest.mutationtest.engine.gregor.mutators.returns.NullReturnValsMutator,allUCSBDates,44,KILLED,edu.ucsb.cs156.example.controllers.UCSBDatesControllerTests.[engine:junit-jupiter]/[class:edu.ucsb.cs156.example.controllers.UCSBDatesControllerTests]/[method:logged_in_user_can_get_all_ucsbdates()]
UCSBDatesController.java,edu.ucsb.cs156.example.controllers.UCSBDatesController,org.pitest.mutationtest.engine.gregor.mutators.VoidMethodCallMutator,deleteUCSBDate,90,KILLED,edu.ucsb.cs156.example.controllers.UCSBDatesControllerTests.[engine:junit-jupiter]/[class:edu.ucsb.cs156.example.controllers.UCSBDatesControllerTests]/[method:admin_can_delete_a_date()]
UCSBDatesController.java,edu.ucsb.cs156.example.controllers.UCSBDatesController,org.pitest.mutationtest.engine.gregor.mutators.returns.NullReturnValsMutator,deleteUCSBDate,91,KILLED,edu.ucsb.cs156.example.controllers.UCSBDatesControllerTests.[engine:junit-jupiter]/[class:edu.ucsb.cs156.example.controllers.UCSBDatesControllerTests]/[method:admin_can_delete_a_date()]
UCSBDatesController.java,edu.ucsb.cs156.example.controllers.UCSBDatesController,org.pitest.mutationtest.engine.gregor.mutators.returns.NullReturnValsMutator,getById,55,KILLED,edu.ucsb.cs156.example.controllers.UCSBDatesControllerTests.[engine:junit-jupiter]/[class:edu.ucsb.cs156.example.controllers.UCSBDatesControllerTests]/[method:test_that_logged_in_user_can_get_by_id_when_the_id_exists()]
UCSBDatesController.java,edu.ucsb.cs156.example.controllers.UCSBDatesController,org.pitest.mutationtest.engine.gregor.mutators.returns.NullReturnValsMutator,lambda$deleteUCSBDate$1,88,KILLED,edu.ucsb.cs156.example.controllers.UCSBDatesControllerTests.[engine:junit-jupiter]/[class:edu.ucsb.cs156.example.controllers.UCSBDatesControllerTests]/[method:admin_tries_to_delete_non_existant_ucsbdate_and_gets_right_error_message()]
UCSBDatesController.java,edu.ucsb.cs156.example.controllers.UCSBDatesController,org.pitest.mutationtest.engine.gregor.mutators.returns.NullReturnValsMutator,lambda$getById$0,53,KILLED,edu.ucsb.cs156.example.controllers.UCSBDatesControllerTests.[engine:junit-jupiter]/[class:edu.ucsb.cs156.example.controllers.UCSBDatesControllerTests]/[method:test_that_logged_in_user_can_get_by_id_when_the_id_does_not_exist()]
UCSBDatesController.java,edu.ucsb.cs156.example.controllers.UCSBDatesController,org.pitest.mutationtest.engine.gregor.mutators.returns.NullReturnValsMutator,lambda$updateUCSBDate$2,102,KILLED,edu.ucsb.cs156.example.controllers.UCSBDatesControllerTests.[engine:junit-jupiter]/[class:edu.ucsb.cs156.example.controllers.UCSBDatesControllerTests]/[method:admin_cannot_edit_ucsbdate_that_does_not_exist()]
UCSBDatesController.java,edu.ucsb.cs156.example.controllers.UCSBDatesController,org.pitest.mutationtest.engine.gregor.mutators.VoidMethodCallMutator,postUCSBDate,73,KILLED,edu.ucsb.cs156.example.controllers.UCSBDatesControllerTests.[engine:junit-jupiter]/[class:edu.ucsb.cs156.example.controllers.UCSBDatesControllerTests]/[method:an_admin_user_can_post_a_new_ucsbdate()]
UCSBDatesController.java,edu.ucsb.cs156.example.controllers.UCSBDatesController,org.pitest.mutationtest.engine.gregor.mutators.VoidMethodCallMutator,postUCSBDate,74,KILLED,edu.ucsb.cs156.example.controllers.UCSBDatesControllerTests.[engine:junit-jupiter]/[class:edu.ucsb.cs156.example.controllers.UCSBDatesControllerTests]/[method:an_admin_user_can_post_a_new_ucsbdate()]
UCSBDatesController.java,edu.ucsb.cs156.example.controllers.UCSBDatesController,org.pitest.mutationtest.engine.gregor.mutators.VoidMethodCallMutator,postUCSBDate,75,KILLED,edu.ucsb.cs156.example.controllers.UCSBDatesControllerTests.[engine:junit-jupiter]/[class:edu.ucsb.cs156.example.controllers.UCSBDatesControllerTests]/[method:an_admin_user_can_post_a_new_ucsbdate()]
UCSBDatesController.java,edu.ucsb.cs156.example.controllers.UCSBDatesController,org.pitest.mutationtest.engine.gregor.mutators.returns.NullReturnValsMutator,postUCSBDate,79,KILLED,edu.ucsb.cs156.example.controllers.UCSBDatesControllerTests.[engine:junit-jupiter]/[class:edu.ucsb.cs156.example.controllers.UCSBDatesControllerTests]/[method:an_admin_user_can_post_a_new_ucsbdate()]
UCSBDatesController.java,edu.ucsb.cs156.example.controllers.UCSBDatesController,org.pitest.mutationtest.engine.gregor.mutators.VoidMethodCallMutator,updateUCSBDate,104,KILLED,edu.ucsb.cs156.example.controllers.UCSBDatesControllerTests.[engine:junit-jupiter]/[class:edu.ucsb.cs156.example.controllers.UCSBDatesControllerTests]/[method:admin_can_edit_an_existing_ucsbdate()]
UCSBDatesController.java,edu.ucsb.cs156.example.controllers.UCSBDatesController,org.pitest.mutationtest.engine.gregor.mutators.VoidMethodCallMutator,updateUCSBDate,105,KILLED,edu.ucsb.cs156.example.controllers.UCSBDatesControllerTests.[engine:junit-jupiter]/[class:edu.ucsb.cs156.example.controllers.UCSBDatesControllerTests]/[method:admin_can_edit_an_existing_ucsbdate()]
UCSBDatesController.java,edu.ucsb.cs156.example.controllers.UCSBDatesController,org.pitest.mutationtest.engine.gregor.mutators.VoidMethodCallMutator,updateUCSBDate,106,KILLED,edu.ucsb.cs156.example.controllers.UCSBDatesControllerTests.[engine:junit-jupiter]/[class:edu.ucsb.cs156.example.controllers.UCSBDatesControllerTests]/[method:admin_can_edit_an_existing_ucsbdate()]
UCSBDatesController.java,edu.ucsb.cs156.example.controllers.UCSBDatesController,org.pitest.mutationtest.engine.gregor.mutators.returns.NullReturnValsMutator,updateUCSBDate,110,KILLED,edu.ucsb.cs156.example.controllers.UCSBDatesControllerTests.[engine:junit-jupiter]/[class:edu.ucsb.cs156.example.controllers.UCSBDatesControllerTests]/[method:admin_can_edit_an_existing_ucsbdate()]
UCSBDiningCommonsController.java,edu.ucsb.cs156.example.controllers.UCSBDiningCommonsController,org.pitest.mutationtest.engine.gregor.mutators.returns.NullReturnValsMutator,allCommonss,39,KILLED,edu.ucsb.cs156.example.controllers.UCSBDiningCommonsControllerTests.[engine:junit-jupiter]/[class:edu.ucsb.cs156.example.controllers.UCSBDiningCommonsControllerTests]/[method:logged_in_user_can_get_all_ucsbdiningcommons()]
UCSBDiningCommonsController.java,edu.ucsb.cs156.example.controllers.UCSBDiningCommonsController,org.pitest.mutationtest.engine.gregor.mutators.VoidMethodCallMutator,deleteCommons,89,KILLED,edu.ucsb.cs156.example.controllers.UCSBDiningCommonsControllerTests.[engine:junit-jupiter]/[class:edu.ucsb.cs156.example.controllers.UCSBDiningCommonsControllerTests]/[method:admin_can_delete_a_date()]
UCSBDiningCommonsController.java,edu.ucsb.cs156.example.controllers.UCSBDiningCommonsController,org.pitest.mutationtest.engine.gregor.mutators.returns.NullReturnValsMutator,deleteCommons,90,KILLED,edu.ucsb.cs156.example.controllers.UCSBDiningCommonsControllerTests.[engine:junit-jupiter]/[class:edu.ucsb.cs156.example.controllers.UCSBDiningCommonsControllerTests]/[method:admin_can_delete_a_date()]
UCSBDiningCommonsController.java,edu.ucsb.cs156.example.controllers.UCSBDiningCommonsController,org.pitest.mutationtest.engine.gregor.mutators.returns.NullReturnValsMutator,getById,50,KILLED,edu.ucsb.cs156.example.controllers.UCSBDiningCommonsControllerTests.[engine:junit-jupiter]/[class:edu.ucsb.cs156.example.controllers.UCSBDiningCommonsControllerTests]/[method:test_that_logged_in_user_can_get_by_id_when_the_id_exists()]
UCSBDiningCommonsController.java,edu.ucsb.cs156.example.controllers.UCSBDiningCommonsController,org.pitest.mutationtest.engine.gregor.mutators.returns.NullReturnValsMutator,lambda$deleteCommons$1,87,KILLED,edu.ucsb.cs156.example.controllers.UCSBDiningCommonsControllerTests.[engine:junit-jupiter]/[class:edu.ucsb.cs156.example.controllers.UCSBDiningCommonsControllerTests]/[method:admin_tries_to_delete_non_existant_commons_and_gets_right_error_message()]
UCSBDiningCommonsController.java,edu.ucsb.cs156.example.controllers.UCSBDiningCommonsController,org.pitest.mutationtest.engine.gregor.mutators.returns.NullReturnValsMutator,lambda$getById$0,48,KILLED,edu.ucsb.cs156.example.controllers.UCSBDiningCommonsControllerTests.[engine:junit-jupiter]/[class:edu.ucsb.cs156.example.controllers.UCSBDiningCommonsControllerTests]/[method:test_that_logged_in_user_can_get_by_id_when_the_id_does_not_exist()]
UCSBDiningCommonsController.java,edu.ucsb.cs156.example.controllers.UCSBDiningCommonsController,org.pitest.mutationtest.engine.gregor.mutators.returns.NullReturnValsMutator,lambda$updateCommons$2,101,KILLED,edu.ucsb.cs156.example.controllers.UCSBDiningCommonsControllerTests.[engine:junit-jupiter]/[class:edu.ucsb.cs156.example.controllers.UCSBDiningCommonsControllerTests]/[method:admin_cannot_edit_commons_that_does_not_exist()]
UCSBDiningCommonsController.java,edu.ucsb.cs156.example.controllers.UCSBDiningCommonsController,org.pitest.mutationtest.engine.gregor.mutators.VoidMethodCallMutator,postCommons,68,KILLED,edu.ucsb.cs156.example.controllers.UCSBDiningCommonsControllerTests.[engine:junit-jupiter]/[class:edu.ucsb.cs156.example.controllers.UCSBDiningCommonsControllerTests]/[method:an_admin_user_can_post_a_new_commons()]
UCSBDiningCommonsController.java,edu.ucsb.cs156.example.controllers.UCSBDiningCommonsController,org.pitest.mutationtest.engine.gregor.mutators.VoidMethodCallMutator,postCommons,69,KILLED,edu.ucsb.cs156.example.controllers.UCSBDiningCommonsControllerTests.[engine:junit-jupiter]/[class:edu.ucsb.cs156.example.controllers.UCSBDiningCommonsControllerTests]/[method:an_admin_user_can_post_a_new_commons()]
UCSBDiningCommonsController.java,edu.ucsb.cs156.example.controllers.UCSBDiningCommonsController,org.pitest.mutationtest.engine.gregor.mutators.VoidMethodCallMutator,postCommons,70,KILLED,edu.ucsb.cs156.example.controllers.UCSBDiningCommonsControllerTests.[engine:junit-jupiter]/[class:edu.ucsb.cs156.example.controllers.UCSBDiningCommonsControllerTests]/[method:an_admin_user_can_post_a_new_commons()]
UCSBDiningCommonsController.java,edu.ucsb.cs156.example.controllers.UCSBDiningCommonsController,org.pitest.mutationtest.engine.gregor.mutators.VoidMethodCallMutator,postCommons,71,KILLED,edu.ucsb.cs156.example.controllers.UCSBDiningCommonsControllerTests.[engine:junit-jupiter]/[class:edu.ucsb.cs156.example.controllers.UCSBDiningCommonsControllerTests]/[method:an_admin_user_can_post_a_new_commons()]
UCSBDiningCommonsController.java,edu.ucsb.cs156.example.controllers.UCSBDiningCommonsController,org.pitest.mutationtest.engine.gregor.mutators.VoidMethodCallMutator,postCommons,72,KILLED,edu.ucsb.cs156.example.controllers.UCSBDiningCommonsControllerTests.[engine:junit-jupiter]/[class:edu.ucsb.cs156.example.controllers.UCSBDiningCommonsControllerTests]/[method:an_admin_user_can_post_a_new_commons()]
UCSBDiningCommonsController.java,edu.ucsb.cs156.example.controllers.UCSBDiningCommonsController,org.pitest.mutationtest.engine.gregor.mutators.VoidMethodCallMutator,postCommons,73,KILLED,edu.ucsb.cs156.example.controllers.UCSBDiningCommonsControllerTests.[engine:junit-jupiter]/[class:edu.ucsb.cs156.example.controllers.UCSBDiningCommonsControllerTests]/[method:an_admin_user_can_post_a_new_commons()]
UCSBDiningCommonsController.java,edu.ucsb.cs156.example.controllers.UCSBDiningCommonsController,org.pitest.mutationtest.engine.gregor.mutators.VoidMethodCallMutator,postCommons,74,KILLED,edu.ucsb.cs156.example.controllers.UCSBDiningCommonsControllerTests.[engine:junit-jupiter]/[class:edu.ucsb.cs156.example.controllers.UCSBDiningCommonsControllerTests]/[method:an_admin_user_can_post_a_new_commons()]
UCSBDiningCommonsController.java,edu.ucsb.cs156.example.controllers.UCSBDiningCommonsController,org.pitest.mutationtest.engine.gregor.mutators.returns.NullReturnValsMutator,postCommons,78,KILLED,edu.ucsb.cs156.example.controllers.UCSBDiningCommonsControllerTests.[engine:junit-jupiter]/[class:edu.ucsb.cs156.example.controllers.UCSBDiningCommonsControllerTests]/[method:an_admin_user_can_post_a_new_commons()]
UCSBDiningCommonsController.java,edu.ucsb.cs156.example.controllers.UCSBDiningCommonsController,org.pitest.mutationtest.engine.gregor.mutators.VoidMethodCallMutator,updateCommons,104,KILLED,edu.ucsb.cs156.example.controllers.UCSBDiningCommonsControllerTests.[engine:junit-jupiter]/[class:edu.ucsb.cs156.example.controllers.UCSBDiningCommonsControllerTests]/[method:admin_can_edit_an_existing_commons()]
UCSBDiningCommonsController.java,edu.ucsb.cs156.example.controllers.UCSBDiningCommonsController,org.pitest.mutationtest.engine.gregor.mutators.VoidMethodCallMutator,updateCommons,105,KILLED,edu.ucsb.cs156.example.controllers.UCSBDiningCommonsControllerTests.[engine:junit-jupiter]/[class:edu.ucsb.cs156.example.controllers.UCSBDiningCommonsControllerTests]/[method:admin_can_edit_an_existing_commons()]
UCSBDiningCommonsController.java,edu.ucsb.cs156.example.controllers.UCSBDiningCommonsController,org.pitest.mutationtest.engine.gregor.mutators.VoidMethodCallMutator,updateCommons,106,KILLED,edu.ucsb.cs156.example.controllers.UCSBDiningCommonsControllerTests.[engine:junit-jupiter]/[class:edu.ucsb.cs156.example.controllers.UCSBDiningCommonsControllerTests]/[method:admin_can_edit_an_existing_commons()]
UCSBDiningCommonsController.java,edu.ucsb.cs156.example.controllers.UCSBDiningCommonsController,org.pitest.mutationtest.engine.gregor.mutators.VoidMethodCallMutator,updateCommons,107,KILLED,edu.ucsb.cs156.example.controllers.UCSBDiningCommonsControllerTests.[engine:junit-jupiter]/[class:edu.ucsb.cs156.example.controllers.UCSBDiningCommonsControllerTests]/[method:admin_can_edit_an_existing_commons()]
UCSBDiningCommonsController.java,edu.ucsb.cs156.example.controllers.UCSBDiningCommonsController,org.pitest.mutationtest.engine.gregor.mutators.VoidMethodCallMutator,updateCommons,108,KILLED,edu.ucsb.cs156.example.controllers.UCSBDiningCommonsControllerTests.[engine:junit-jupiter]/[class:edu.ucsb.cs156.example.controllers.UCSBDiningCommonsControllerTests]/[method:admin_can_edit_an_existing_commons()]
UCSBDiningCommonsController.java,edu.ucsb.cs156.example.controllers.UCSBDiningCommonsController,org.pitest.mutationtest.engine.gregor.mutators.VoidMethodCallMutator,updateCommons,109,KILLED,edu.ucsb.cs156.example.controllers.UCSBDiningCommonsControllerTests.[engine:junit-jupiter]/[class:edu.ucsb.cs156.example.controllers.UCSBDiningCommonsControllerTests]/[method:admin_can_edit_an_existing_commons()]
UCSBDiningCommonsController.java,edu.ucsb.cs156.example.controllers.UCSBDiningCommonsController,org.pitest.mutationtest.engine.gregor.mutators.returns.NullReturnValsMutator,updateCommons,113,KILLED,edu.ucsb.cs156.example.controllers.UCSBDiningCommonsControllerTests.[engine:junit-jupiter]/[class:edu.ucsb.cs156.example.controllers.UCSBDiningCommonsControllerTests]/[method:admin_can_edit_an_existing_commons()]
UCSBOrganizationController.java,edu.ucsb.cs156.example.controllers.UCSBOrganizationController,org.pitest.mutationtest.engine.gregor.mutators.returns.NullReturnValsMutator,allCommonss,39,KILLED,edu.ucsb.cs156.example.controllers.UCSBOrganizationControllerTests.[engine:junit-jupiter]/[class:edu.ucsb.cs156.example.controllers.UCSBOrganizationControllerTests]/[method:logged_in_user_can_get_all_ucsborganization()]
UCSBOrganizationController.java,edu.ucsb.cs156.example.controllers.UCSBOrganizationController,org.pitest.mutationtest.engine.gregor.mutators.VoidMethodCallMutator,deleteOrganizations,104,KILLED,edu.ucsb.cs156.example.controllers.UCSBOrganizationControllerTests.[engine:junit-jupiter]/[class:edu.ucsb.cs156.example.controllers.UCSBOrganizationControllerTests]/[method:admin_can_delete_a_date()]
UCSBOrganizationController.java,edu.ucsb.cs156.example.controllers.UCSBOrganizationController,org.pitest.mutationtest.engine.gregor.mutators.returns.NullReturnValsMutator,deleteOrganizations,105,KILLED,edu.ucsb.cs156.example.controllers.UCSBOrganizationControllerTests.[engine:junit-jupiter]/[class:edu.ucsb.cs156.example.controllers.UCSBOrganizationControllerTests]/[method:admin_can_delete_a_date()]
UCSBOrganizationController.java,edu.ucsb.cs156.example.controllers.UCSBOrganizationController,org.pitest.mutationtest.engine.gregor.mutators.returns.NullReturnValsMutator,getById,50,KILLED,edu.ucsb.cs156.example.controllers.UCSBOrganizationControllerTests.[engine:junit-jupiter]/[class:edu.ucsb.cs156.example.controllers.UCSBOrganizationControllerTests]/[method:test_that_logged_in_user_can_get_by_id_when_the_id_exists()]
UCSBOrganizationController.java,edu.ucsb.cs156.example.controllers.UCSBOrganizationController,org.pitest.mutationtest.engine.gregor.mutators.returns.NullReturnValsMutator,lambda$deleteOrganizations$2,102,KILLED,edu.ucsb.cs156.example.controllers.UCSBOrganizationControllerTests.[engine:junit-jupiter]/[class:edu.ucsb.cs156.example.controllers.UCSBOrganizationControllerTests]/[method:admin_tries_to_delete_non_existant_organization_and_gets_right_error_message()]
UCSBOrganizationController.java,edu.ucsb.cs156.example.controllers.UCSBOrganizationController,org.pitest.mutationtest.engine.gregor.mutators.returns.NullReturnValsMutator,lambda$getById$0,48,KILLED,edu.ucsb.cs156.example.controllers.UCSBOrganizationControllerTests.[engine:junit-jupiter]/[class:edu.ucsb.cs156.example.controllers.UCSBOrganizationControllerTests]/[method:test_that_logged_in_user_can_get_by_id_when_the_id_does_not_exist()]
UCSBOrganizationController.java,edu.ucsb.cs156.example.controllers.UCSBOrganizationController,org.pitest.mutationtest.engine.gregor.mutators.returns.NullReturnValsMutator,lambda$updateOrganizations$1,83,KILLED,edu.ucsb.cs156.example.controllers.UCSBOrganizationControllerTests.[engine:junit-jupiter]/[class:edu.ucsb.cs156.example.controllers.UCSBOrganizationControllerTests]/[method:admin_cannot_edit_organizations_that_does_not_exist()]
UCSBOrganizationController.java,edu.ucsb.cs156.example.controllers.UCSBOrganizationController,org.pitest.mutationtest.engine.gregor.mutators.VoidMethodCallMutator,postCommons,65,KILLED,edu.ucsb.cs156.example.controllers.UCSBOrganizationControllerTests.[engine:junit-jupiter]/[class:edu.ucsb.cs156.example.controllers.UCSBOrganizationControllerTests]/[method:an_admin_user_can_post_a_new_commons()]
UCSBOrganizationController.java,edu.ucsb.cs156.example.controllers.UCSBOrganizationController,org.pitest.mutationtest.engine.gregor.mutators.VoidMethodCallMutator,postCommons,66,KILLED,edu.ucsb.cs156.example.controllers.UCSBOrganizationControllerTests.[engine:junit-jupiter]/[class:edu.ucsb.cs156.example.controllers.UCSBOrganizationControllerTests]/[method:an_admin_user_can_post_a_new_commons()]
UCSBOrganizationController.java,edu.ucsb.cs156.example.controllers.UCSBOrganizationController,org.pitest.mutationtest.engine.gregor.mutators.VoidMethodCallMutator,postCommons,67,KILLED,edu.ucsb.cs156.example.controllers.UCSBOrganizationControllerTests.[engine:junit-jupiter]/[class:edu.ucsb.cs156.example.controllers.UCSBOrganizationControllerTests]/[method:an_admin_user_can_post_a_new_commons()]
UCSBOrganizationController.java,edu.ucsb.cs156.example.controllers.UCSBOrganizationController,org.pitest.mutationtest.engine.gregor.mutators.VoidMethodCallMutator,postCommons,68,KILLED,edu.ucsb.cs156.example.controllers.UCSBOrganizationControllerTests.[engine:junit-jupiter]/[class:edu.ucsb.cs156.example.controllers.UCSBOrganizationControllerTests]/[method:an_admin_user_can_post_a_new_inactive_commons()]
UCSBOrganizationController.java,edu.ucsb.cs156.example.controllers.UCSBOrganizationController,org.pitest.mutationtest.engine.gregor.mutators.returns.NullReturnValsMutator,postCommons,72,KILLED,edu.ucsb.cs156.example.controllers.UCSBOrganizationControllerTests.[engine:junit-jupiter]/[class:edu.ucsb.cs156.example.controllers.UCSBOrganizationControllerTests]/[method:an_admin_user_can_post_a_new_commons()]
UCSBOrganizationController.java,edu.ucsb.cs156.example.controllers.UCSBOrganizationController,org.pitest.mutationtest.engine.gregor.mutators.VoidMethodCallMutator,updateOrganizations,86,KILLED,edu.ucsb.cs156.example.controllers.UCSBOrganizationControllerTests.[engine:junit-jupiter]/[class:edu.ucsb.cs156.example.controllers.UCSBOrganizationControllerTests]/[method:admin_can_edit_an_existing_commons()]
UCSBOrganizationController.java,edu.ucsb.cs156.example.controllers.UCSBOrganizationController,org.pitest.mutationtest.engine.gregor.mutators.VoidMethodCallMutator,updateOrganizations,87,KILLED,edu.ucsb.cs156.example.controllers.UCSBOrganizationControllerTests.[engine:junit-jupiter]/[class:edu.ucsb.cs156.example.controllers.UCSBOrganizationControllerTests]/[method:admin_can_edit_an_existing_commons()]
UCSBOrganizationController.java,edu.ucsb.cs156.example.controllers.UCSBOrganizationController,org.pitest.mutationtest.engine.gregor.mutators.VoidMethodCallMutator,updateOrganizations,88,KILLED,edu.ucsb.cs156.example.controllers.UCSBOrganizationControllerTests.[engine:junit-jupiter]/[class:edu.ucsb.cs156.example.controllers.UCSBOrganizationControllerTests]/[method:admin_can_edit_an_existing_commons()]
UCSBOrganizationController.java,edu.ucsb.cs156.example.controllers.UCSBOrganizationController,org.pitest.mutationtest.engine.gregor.mutators.VoidMethodCallMutator,updateOrganizations,89,KILLED,edu.ucsb.cs156.example.controllers.UCSBOrganizationControllerTests.[engine:junit-jupiter]/[class:edu.ucsb.cs156.example.controllers.UCSBOrganizationControllerTests]/[method:admin_can_edit_an_existing_commons()]
UCSBOrganizationController.java,edu.ucsb.cs156.example.controllers.UCSBOrganizationController,org.pitest.mutationtest.engine.gregor.mutators.returns.NullReturnValsMutator,updateOrganizations,93,KILLED,edu.ucsb.cs156.example.controllers.UCSBOrganizationControllerTests.[engine:junit-jupiter]/[class:edu.ucsb.cs156.example.controllers.UCSBOrganizationControllerTests]/[method:admin_can_edit_an_existing_commons()]
UserInfoController.java,edu.ucsb.cs156.example.controllers.UserInfoController,org.pitest.mutationtest.engine.gregor.mutators.returns.NullReturnValsMutator,getCurrentUser,24,KILLED,edu.ucsb.cs156.example.controllers.UserInfoControllerTests.[engine:junit-jupiter]/[class:edu.ucsb.cs156.example.controllers.UserInfoControllerTests]/[method:currentUser__logged_in()]
UsersController.java,edu.ucsb.cs156.example.controllers.UsersController,org.pitest.mutationtest.engine.gregor.mutators.returns.NullReturnValsMutator,users,36,KILLED,edu.ucsb.cs156.example.controllers.UsersControllerTests.[engine:junit-jupiter]/[class:edu.ucsb.cs156.example.controllers.UsersControllerTests]/[method:users__admin_logged_in()]
CurrentUserService.java,edu.ucsb.cs156.example.services.CurrentUserService,org.pitest.mutationtest.engine.gregor.mutators.NegateConditionalsMutator,isLoggedIn,16,KILLED,edu.ucsb.cs156.example.services.CurrentUserServiceTests.[engine:junit-jupiter]/[class:edu.ucsb.cs156.example.services.CurrentUserServiceTests]/[method:test_isLoggedIn_returns_false()]
CurrentUserService.java,edu.ucsb.cs156.example.services.CurrentUserService,org.pitest.mutationtest.engine.gregor.mutators.returns.BooleanTrueReturnValsMutator,isLoggedIn,16,KILLED,edu.ucsb.cs156.example.services.CurrentUserServiceTests.[engine:junit-jupiter]/[class:edu.ucsb.cs156.example.services.CurrentUserServiceTests]/[method:test_isLoggedIn_returns_false()]
GrantedAuthoritiesService.java,edu.ucsb.cs156.example.services.GrantedAuthoritiesService,org.pitest.mutationtest.engine.gregor.mutators.returns.EmptyObjectReturnValsMutator,getGrantedAuthorities,22,KILLED,edu.ucsb.cs156.example.services.GrantedAuthoritiesServiceTests.[engine:junit-jupiter]/[class:edu.ucsb.cs156.example.services.GrantedAuthoritiesServiceTests]/[method:test_getGrantedAuthorities()]
SystemInfoServiceImpl.java,edu.ucsb.cs156.example.services.SystemInfoServiceImpl,org.pitest.mutationtest.engine.gregor.mutators.returns.NullReturnValsMutator,getSystemInfo,30,KILLED,edu.ucsb.cs156.example.services.SystemInfoServiceImplTests.[engine:junit-jupiter]/[class:edu.ucsb.cs156.example.services.SystemInfoServiceImplTests]/[method:test_getSystemInfo()]
HelpRequestController.java,edu.ucsb.cs156.example.controllers.HelpRequestController,org.pitest.mutationtest.engine.gregor.mutators.returns.NullReturnValsMutator,allHelpRequests,46,KILLED,edu.ucsb.cs156.example.controllers.HelpRequestControllerTests.[engine:junit-jupiter]/[class:edu.ucsb.cs156.example.controllers.HelpRequestControllerTests]/[method:logged_in_user_can_get_all_helprequests()]
HelpRequestController.java,edu.ucsb.cs156.example.controllers.HelpRequestController,org.pitest.mutationtest.engine.gregor.mutators.VoidMethodCallMutator,deleteHelpRequest,117,KILLED,edu.ucsb.cs156.example.controllers.HelpRequestControllerTests.[engine:junit-jupiter]/[class:edu.ucsb.cs156.example.controllers.HelpRequestControllerTests]/[method:admin_can_delete_a_help_request()]
HelpRequestController.java,edu.ucsb.cs156.example.controllers.HelpRequestController,org.pitest.mutationtest.engine.gregor.mutators.returns.NullReturnValsMutator,deleteHelpRequest,118,KILLED,edu.ucsb.cs156.example.controllers.HelpRequestControllerTests.[engine:junit-jupiter]/[class:edu.ucsb.cs156.example.controllers.HelpRequestControllerTests]/[method:admin_can_delete_a_help_request()]
HelpRequestController.java,edu.ucsb.cs156.example.controllers.HelpRequestController,org.pitest.mutationtest.engine.gregor.mutators.returns.NullReturnValsMutator,getById,84,KILLED,edu.ucsb.cs156.example.controllers.HelpRequestControllerTests.[engine:junit-jupiter]/[class:edu.ucsb.cs156.example.controllers.HelpRequestControllerTests]/[method:test_that_logged_in_user_can_get_by_id_when_the_id_exists()]
HelpRequestController.java,edu.ucsb.cs156.example.controllers.HelpRequestController,org.pitest.mutationtest.engine.gregor.mutators.returns.NullReturnValsMutator,lambda$deleteHelpRequest$2,115,KILLED,edu.ucsb.cs156.example.controllers.HelpRequestControllerTests.[engine:junit-jupiter]/[class:edu.ucsb.cs156.example.controllers.HelpRequestControllerTests]/[method:admin_tries_to_delete_non_existant_helprequest_and_gets_right_error_message()]
HelpRequestController.java,edu.ucsb.cs156.example.controllers.HelpRequestController,org.pitest.mutationtest.engine.gregor.mutators.returns.NullReturnValsMutator,lambda$getById$0,82,KILLED,edu.ucsb.cs156.example.controllers.HelpRequestControllerTests.[engine:junit-jupiter]/[class:edu.ucsb.cs156.example.controllers.HelpRequestControllerTests]/[method:test_that_logged_in_user_can_get_by_id_when_the_id_does_not_exist()]
HelpRequestController.java,edu.ucsb.cs156.example.controllers.HelpRequestController,org.pitest.mutationtest.engine.gregor.mutators.returns.NullReturnValsMutator,lambda$updateHelpRequest$1,95,KILLED,edu.ucsb.cs156.example.controllers.HelpRequestControllerTests.[engine:junit-jupiter]/[class:edu.ucsb.cs156.example.controllers.HelpRequestControllerTests]/[method:admin_cannot_edit_helprequest_that_does_not_exist()]
HelpRequestController.java,edu.ucsb.cs156.example.controllers.HelpRequestController,org.pitest.mutationtest.engine.gregor.mutators.VoidMethodCallMutator,postHelpRequest,64,KILLED,edu.ucsb.cs156.example.controllers.HelpRequestControllerTests.[engine:junit-jupiter]/[class:edu.ucsb.cs156.example.controllers.HelpRequestControllerTests]/[method:an_admin_user_can_post_a_new_helprequest()]
HelpRequestController.java,edu.ucsb.cs156.example.controllers.HelpRequestController,org.pitest.mutationtest.engine.gregor.mutators.VoidMethodCallMutator,postHelpRequest,65,KILLED,edu.ucsb.cs156.example.controllers.HelpRequestControllerTests.[engine:junit-jupiter]/[class:edu.ucsb.cs156.example.controllers.HelpRequestControllerTests]/[method:an_admin_user_can_post_a_new_helprequest()]
HelpRequestController.java,edu.ucsb.cs156.example.controllers.HelpRequestController,org.pitest.mutationtest.engine.gregor.mutators.VoidMethodCallMutator,postHelpRequest,66,KILLED,edu.ucsb.cs156.example.controllers.HelpRequestControllerTests.[engine:junit-jupiter]/[class:edu.ucsb.cs156.example.controllers.HelpRequestControllerTests]/[method:an_admin_user_can_post_a_new_helprequest()]
HelpRequestController.java,edu.ucsb.cs156.example.controllers.HelpRequestController,org.pitest.mutationtest.engine.gregor.mutators.VoidMethodCallMutator,postHelpRequest,67,KILLED,edu.ucsb.cs156.example.controllers.HelpRequestControllerTests.[engine:junit-jupiter]/[class:edu.ucsb.cs156.example.controllers.HelpRequestControllerTests]/[method:an_admin_user_can_post_a_new_helprequest()]
HelpRequestController.java,edu.ucsb.cs156.example.controllers.HelpRequestController,org.pitest.mutationtest.engine.gregor.mutators.VoidMethodCallMutator,postHelpRequest,68,KILLED,edu.ucsb.cs156.example.controllers.HelpRequestControllerTests.[engine:junit-jupiter]/[class:edu.ucsb.cs156.example.controllers.HelpRequestControllerTests]/[method:an_admin_user_can_post_a_new_helprequest()]
HelpRequestController.java,edu.ucsb.cs156.example.controllers.HelpRequestController,org.pitest.mutationtest.engine.gregor.mutators.VoidMethodCallMutator,postHelpRequest,69,KILLED,edu.ucsb.cs156.example.controllers.HelpRequestControllerTests.[engine:junit-jupiter]/[class:edu.ucsb.cs156.example.controllers.HelpRequestControllerTests]/[method:an_admin_user_can_post_a_new_helprequest()]
HelpRequestController.java,edu.ucsb.cs156.example.controllers.HelpRequestController,org.pitest.mutationtest.engine.gregor.mutators.returns.NullReturnValsMutator,postHelpRequest,73,KILLED,edu.ucsb.cs156.example.controllers.HelpRequestControllerTests.[engine:junit-jupiter]/[class:edu.ucsb.cs156.example.controllers.HelpRequestControllerTests]/[method:an_admin_user_can_post_a_new_helprequest()]
HelpRequestController.java,edu.ucsb.cs156.example.controllers.HelpRequestController,org.pitest.mutationtest.engine.gregor.mutators.VoidMethodCallMutator,updateHelpRequest,97,KILLED,edu.ucsb.cs156.example.controllers.HelpRequestControllerTests.[engine:junit-jupiter]/[class:edu.ucsb.cs156.example.controllers.HelpRequestControllerTests]/[method:admin_can_edit_an_existing_helprequest()]
HelpRequestController.java,edu.ucsb.cs156.example.controllers.HelpRequestController,org.pitest.mutationtest.engine.gregor.mutators.VoidMethodCallMutator,updateHelpRequest,98,KILLED,edu.ucsb.cs156.example.controllers.HelpRequestControllerTests.[engine:junit-jupiter]/[class:edu.ucsb.cs156.example.controllers.HelpRequestControllerTests]/[method:admin_can_edit_an_existing_helprequest()]
HelpRequestController.java,edu.ucsb.cs156.example.controllers.HelpRequestController,org.pitest.mutationtest.engine.gregor.mutators.VoidMethodCallMutator,updateHelpRequest,99,KILLED,edu.ucsb.cs156.example.controllers.HelpRequestControllerTests.[engine:junit-jupiter]/[class:edu.ucsb.cs156.example.controllers.HelpRequestControllerTests]/[method:admin_can_edit_an_existing_helprequest()]
HelpRequestController.java,edu.ucsb.cs156.example.controllers.HelpRequestController,org.pitest.mutationtest.engine.gregor.mutators.VoidMethodCallMutator,updateHelpRequest,100,KILLED,edu.ucsb.cs156.example.controllers.HelpRequestControllerTests.[engine:junit-jupiter]/[class:edu.ucsb.cs156.example.controllers.HelpRequestControllerTests]/[method:admin_can_edit_an_existing_helprequest()]
HelpRequestController.java,edu.ucsb.cs156.example.controllers.HelpRequestController,org.pitest.mutationtest.engine.gregor.mutators.VoidMethodCallMutator,updateHelpRequest,101,KILLED,edu.ucsb.cs156.example.controllers.HelpRequestControllerTests.[engine:junit-jupiter]/[class:edu.ucsb.cs156.example.controllers.HelpRequestControllerTests]/[method:admin_can_edit_an_existing_helprequest()]
HelpRequestController.java,edu.ucsb.cs156.example.controllers.HelpRequestController,org.pitest.mutationtest.engine.gregor.mutators.VoidMethodCallMutator,updateHelpRequest,102,KILLED,edu.ucsb.cs156.example.controllers.HelpRequestControllerTests.[engine:junit-jupiter]/[class:edu.ucsb.cs156.example.controllers.HelpRequestControllerTests]/[method:admin_can_edit_an_existing_helprequest()]
HelpRequestController.java,edu.ucsb.cs156.example.controllers.HelpRequestController,org.pitest.mutationtest.engine.gregor.mutators.returns.NullReturnValsMutator,updateHelpRequest,106,KILLED,edu.ucsb.cs156.example.controllers.HelpRequestControllerTests.[engine:junit-jupiter]/[class:edu.ucsb.cs156.example.controllers.HelpRequestControllerTests]/[method:admin_can_edit_an_existing_helprequest()]
UCSBDiningCommonsMenuItemController.java,edu.ucsb.cs156.example.controllers.UCSBDiningCommonsMenuItemController,org.pitest.mutationtest.engine.gregor.mutators.returns.NullReturnValsMutator,allUCSBDiningCommonsMenuItems,44,KILLED,edu.ucsb.cs156.example.controllers.UCSBDiningCommonsMenuItemControllerTests.[engine:junit-jupiter]/[class:edu.ucsb.cs156.example.controllers.UCSBDiningCommonsMenuItemControllerTests]/[method:logged_in_user_can_get_all_ucsbdiningcommonmenuitems()]
UCSBDiningCommonsMenuItemController.java,edu.ucsb.cs156.example.controllers.UCSBDiningCommonsMenuItemController,org.pitest.mutationtest.engine.gregor.mutators.VoidMethodCallMutator,deleteUCSBDiningCommonsMenuItem,85,KILLED,edu.ucsb.cs156.example.controllers.UCSBDiningCommonsMenuItemControllerTests.[engine:junit-jupiter]/[class:edu.ucsb.cs156.example.controllers.UCSBDiningCommonsMenuItemControllerTests]/[method:admin_can_delete_a_diningcommonsmenuitem()]
UCSBDiningCommonsMenuItemController.java,edu.ucsb.cs156.example.controllers.UCSBDiningCommonsMenuItemController,org.pitest.mutationtest.engine.gregor.mutators.returns.NullReturnValsMutator,deleteUCSBDiningCommonsMenuItem,86,KILLED,edu.ucsb.cs156.example.controllers.UCSBDiningCommonsMenuItemControllerTests.[engine:junit-jupiter]/[class:edu.ucsb.cs156.example.controllers.UCSBDiningCommonsMenuItemControllerTests]/[method:admin_can_delete_a_diningcommonsmenuitem()]
UCSBDiningCommonsMenuItemController.java,edu.ucsb.cs156.example.controllers.UCSBDiningCommonsMenuItemController,org.pitest.mutationtest.engine.gregor.mutators.returns.NullReturnValsMutator,getById,74,KILLED,edu.ucsb.cs156.example.controllers.UCSBDiningCommonsMenuItemControllerTests.[engine:junit-jupiter]/[class:edu.ucsb.cs156.example.controllers.UCSBDiningCommonsMenuItemControllerTests]/[method:test_that_logged_in_user_can_get_by_id_when_the_id_exists()]
UCSBDiningCommonsMenuItemController.java,edu.ucsb.cs156.example.controllers.UCSBDiningCommonsMenuItemController,org.pitest.mutationtest.engine.gregor.mutators.returns.NullReturnValsMutator,lambda$deleteUCSBDiningCommonsMenuItem$1,83,KILLED,edu.ucsb.cs156.example.controllers.UCSBDiningCommonsMenuItemControllerTests.[engine:junit-jupiter]/[class:edu.ucsb.cs156.example.controllers.UCSBDiningCommonsMenuItemControllerTests]/[method:admin_tries_to_delete_non_existant_ucsbdiningcommonsmenuitem_and_gets_right_error_message()]
UCSBDiningCommonsMenuItemController.java,edu.ucsb.cs156.example.controllers.UCSBDiningCommonsMenuItemController,org.pitest.mutationtest.engine.gregor.mutators.returns.NullReturnValsMutator,lambda$getById$0,72,KILLED,edu.ucsb.cs156.example.controllers.UCSBDiningCommonsMenuItemControllerTests.[engine:junit-jupiter]/[class:edu.ucsb.cs156.example.controllers.UCSBDiningCommonsMenuItemControllerTests]/[method:test_that_logged_in_user_can_get_by_id_when_the_id_does_not_exist()]
UCSBDiningCommonsMenuItemController.java,edu.ucsb.cs156.example.controllers.UCSBDiningCommonsMenuItemController,org.pitest.mutationtest.engine.gregor.mutators.returns.NullReturnValsMutator,lambda$updateUCSBDiningCommonsMenuItem$2,97,KILLED,edu.ucsb.cs156.example.controllers.UCSBDiningCommonsMenuItemControllerTests.[engine:junit-jupiter]/[class:edu.ucsb.cs156.example.controllers.UCSBDiningCommonsMenuItemControllerTests]/[method:admin_cannot_edit_ucsbdiningcommonsmenuitem_that_does_not_exist()]
UCSBDiningCommonsMenuItemController.java,edu.ucsb.cs156.example.controllers.UCSBDiningCommonsMenuItemController,org.pitest.mutationtest.engine.gregor.mutators.VoidMethodCallMutator,postUCSBDiningCommonsMenuItem,57,KILLED,edu.ucsb.cs156.example.controllers.UCSBDiningCommonsMenuItemControllerTests.[engine:junit-jupiter]/[class:edu.ucsb.cs156.example.controllers.UCSBDiningCommonsMenuItemControllerTests]/[method:an_admin_user_can_post_a_new_ucsbdiningcommonsmenuitem()]
UCSBDiningCommonsMenuItemController.java,edu.ucsb.cs156.example.controllers.UCSBDiningCommonsMenuItemController,org.pitest.mutationtest.engine.gregor.mutators.VoidMethodCallMutator,postUCSBDiningCommonsMenuItem,58,KILLED,edu.ucsb.cs156.example.controllers.UCSBDiningCommonsMenuItemControllerTests.[engine:junit-jupiter]/[class:edu.ucsb.cs156.example.controllers.UCSBDiningCommonsMenuItemControllerTests]/[method:an_admin_user_can_post_a_new_ucsbdiningcommonsmenuitem()]
UCSBDiningCommonsMenuItemController.java,edu.ucsb.cs156.example.controllers.UCSBDiningCommonsMenuItemController,org.pitest.mutationtest.engine.gregor.mutators.VoidMethodCallMutator,postUCSBDiningCommonsMenuItem,59,KILLED,edu.ucsb.cs156.example.controllers.UCSBDiningCommonsMenuItemControllerTests.[engine:junit-jupiter]/[class:edu.ucsb.cs156.example.controllers.UCSBDiningCommonsMenuItemControllerTests]/[method:an_admin_user_can_post_a_new_ucsbdiningcommonsmenuitem()]
UCSBDiningCommonsMenuItemController.java,edu.ucsb.cs156.example.controllers.UCSBDiningCommonsMenuItemController,org.pitest.mutationtest.engine.gregor.mutators.returns.NullReturnValsMutator,postUCSBDiningCommonsMenuItem,63,KILLED,edu.ucsb.cs156.example.controllers.UCSBDiningCommonsMenuItemControllerTests.[engine:junit-jupiter]/[class:edu.ucsb.cs156.example.controllers.UCSBDiningCommonsMenuItemControllerTests]/[method:an_admin_user_can_post_a_new_ucsbdiningcommonsmenuitem()]
UCSBDiningCommonsMenuItemController.java,edu.ucsb.cs156.example.controllers.UCSBDiningCommonsMenuItemController,org.pitest.mutationtest.engine.gregor.mutators.VoidMethodCallMutator,updateUCSBDiningCommonsMenuItem,99,KILLED,edu.ucsb.cs156.example.controllers.UCSBDiningCommonsMenuItemControllerTests.[engine:junit-jupiter]/[class:edu.ucsb.cs156.example.controllers.UCSBDiningCommonsMenuItemControllerTests]/[method:admin_can_edit_an_existing_ucsbdiningcommonsmenuitem()]
UCSBDiningCommonsMenuItemController.java,edu.ucsb.cs156.example.controllers.UCSBDiningCommonsMenuItemController,org.pitest.mutationtest.engine.gregor.mutators.VoidMethodCallMutator,updateUCSBDiningCommonsMenuItem,100,KILLED,edu.ucsb.cs156.example.controllers.UCSBDiningCommonsMenuItemControllerTests.[engine:junit-jupiter]/[class:edu.ucsb.cs156.example.controllers.UCSBDiningCommonsMenuItemControllerTests]/[method:admin_can_edit_an_existing_ucsbdiningcommonsmenuitem()]
UCSBDiningCommonsMenuItemController.java,edu.ucsb.cs156.example.controllers.UCSBDiningCommonsMenuItemController,org.pitest.mutationtest.engine.gregor.mutators.VoidMethodCallMutator,updateUCSBDiningCommonsMenuItem,101,KILLED,edu.ucsb.cs156.example.controllers.UCSBDiningCommonsMenuItemControllerTests.[engine:junit-jupiter]/[class:edu.ucsb.cs156.example.controllers.UCSBDiningCommonsMenuItemControllerTests]/[method:admin_can_edit_an_existing_ucsbdiningcommonsmenuitem()]
UCSBDiningCommonsMenuItemController.java,edu.ucsb.cs156.example.controllers.UCSBDiningCommonsMenuItemController,org.pitest.mutationtest.engine.gregor.mutators.returns.NullReturnValsMutator,updateUCSBDiningCommonsMenuItem,105,KILLED,edu.ucsb.cs156.example.controllers.UCSBDiningCommonsMenuItemControllerTests.[engine:junit-jupiter]/[class:edu.ucsb.cs156.example.controllers.UCSBDiningCommonsMenuItemControllerTests]/[method:admin_can_edit_an_existing_ucsbdiningcommonsmenuitem()]
